param,value,rmse_out
k_s,1.5,0.9501672104836614
k_s,1.8,0.11089052676696262
k_s,2.1,0.619787234719326
k_s,2.4,1.1140530271658962
k_s,2.7,1.5040177659946472
k_s,3.0,1.8184013374928225
