param,value,rmse_out
T_s,10.0,2.0407915112061805
T_s,11.0,1.0830353223562286
T_s,12.0,0.4255596629514033
T_s,13.0,1.0905212258325665
T_s,14.0,2.0487489014643585
T_s,15.0,3.034057939214653
