param,value,rmse_out
k_g,0.8,0.22287854432124193
k_g,1.04,0.11244925901285811
k_g,1.28,0.3033926425950689
k_g,1.52,0.43485698596213007
k_g,1.76,0.5293147746925725
k_g,2.0,0.6001767291856457
