param,value,rmse_out
cv_s,1000000.0,0.4003642376411098
cv_s,1400000.0,0.24148589148381924
cv_s,1800000.0,0.3067764356072437
cv_s,2200000.0,0.40336303253952593
cv_s,2600000.0,0.48910466684640824
cv_s,3000000.0,0.5645503787269627
